,Name,Adjusted,r,r.low,r.hi,k,k.low,k.hi,f,f_lo,f_hi,b,b_lo,b_hi,m.rate,msy,msy.low,msy.hi,bmsy,bmsy.low,bmsy.hi,fmsy,fmsy_lo,fmsy_hi,p.lo,p.hi,p,f_bar,c,c.lo,c.hi,profit.msy,profit.msy.lo,profit.msy.hi
1,Atrina,IUU_0,0.282239296,0.163449697,0.487361077,15693.05715,4802.158559,51283.61336,0.150939845,0.082124891,1.703293769,2525.694914,223.8181146,4642.051816,0.02,1107.299351,317.1547012,3865.974078,7846.528576,2401.079279,25641.80668,0.090849138,0.052612319,0.156875156,22500,25000,23750,1.7,86841857.28,40689980.48,184827262.2,18408851.71,4995186.544,67654546.37
2,Atrina,IUU_20,0.282239296,0.163449697,0.487361077,18570.96436,5666.886893,60858.93783,0.155074986,0.083286991,1.644517956,2950.015427,278.1809698,5492.73774,0.02,1310.363977,373.2579833,4600.179579,9285.482178,2833.443447,30429.46891,0.089667964,0.051928281,0.154835545,22500,25000,23750,1.7,104121281.7,48518674.96,222825752.6,21784801.12,5878813.237,80503142.63
3,Atrina,IUU_40,0.282239296,0.163449697,0.487361077,21770.03926,6631.542313,71466.72478,0.150288244,0.082962737,1.587145995,3551.303724,336.2760588,6433.239985,0.02,1536.090139,436.0683239,5411.016547,10885.01963,3315.771156,35733.36239,0.092082284,0.053326456,0.159004509,22500,25000,23750,1.7,118857197.8,55197014.9,255229391.7,25537498.56,6868076.101,94692789.57
4,Atrina,IUU_60,0.282239296,0.163449697,0.487361077,24692.78077,7482.048404,81492.84648,0.154655231,0.083619308,1.707531827,3944.029547,357.2201644,7294.544905,0.02,1742.318266,489.494574,6201.647782,12346.39038,3741.024202,40746.42324,0.090160775,0.052213677,0.155686515,22500,25000,23750,1.7,137687565.9,63280132.03,298756500.3,28966041.17,7709539.541,108528836.2
5,Atrina,IUU_40_legal,0.282239296,0.163449697,0.487361077,21770.03926,6631.542313,71466.72478,0.090172946,0.049777642,0.952287597,3551.303724,336.2760588,6433.239985,0.02,1536.090139,436.0683239,5411.016547,10885.01963,3315.771156,35733.36239,0.092082284,0.053326456,0.159004509,22500,25000,23750,1.7,118857197.8,55197014.9,255229391.7,25537498.56,6868076.101,94692789.57
6,Atrina,IUU_60_legal,0.282239296,0.163449697,0.487361077,24692.78077,7482.048404,81492.84648,0.061862092,0.033447723,0.683012731,3944.029547,357.2201644,7294.544905,0.02,1742.318266,489.494574,6201.647782,12346.39038,3741.024202,40746.42324,0.090160775,0.052213677,0.155686515,22500,25000,23750,1.7,137687565.9,63280132.03,298756500.3,28966041.17,7709539.541,108528836.2
7,Atrina,IUU_20_legal,0.282239296,0.163449697,0.487361077,18570.96436,5666.886893,60858.93783,0.124059989,0.066629593,1.315614365,2950.015427,278.1809698,5492.73774,0.02,1310.363977,373.2579833,4600.179579,9285.482178,2833.443447,30429.46891,0.089667964,0.051928281,0.154835545,22500,25000,23750,1.7,104121281.7,48518674.96,222825752.6,21784801.12,5878813.237,80503142.63
8,Callinectes,IUU_20_legal,0.5,0.962111433,1.482344565,7556.459087,5450.349295,10476.40635,0.357830568,0.256364834,3.473763077,2137.038218,220.1352203,2982.849045,0.46,2256.033865,1816.363178,2802.131678,3778.229544,2725.174647,5238.203173,0.597114029,0.481055717,0.741172283,1500,2000,1750,1.7,1983570.51,1699103.454,2268405.127,2763641.485,1907181.337,3922984.349
9,Callinectes,IUU_0,0.5,0.957432554,1.482159284,6395.657395,4562.390422,8965.570618,0.438962043,0.316230039,4.7685027,1814.644371,167.0461464,2518.925784,0.46,1904.700669,1507.647841,2406.320985,3197.828698,2281.195211,4482.785309,0.595623108,0.478716277,0.741079642,1500,2000,1750,1.7,1678860.067,1417210.07,1948228.651,2333258.32,1583030.233,3368849.379
10,Callinectes,IUU_20,0.5,0.962111433,1.482344565,7556.459087,5450.349295,10476.40635,0.44728821,0.320456042,4.342203846,2137.038218,220.1352203,2982.849045,0.46,2256.033865,1816.363178,2802.131678,3778.229544,2725.174647,5238.203173,0.597114029,0.481055717,0.741172283,1500,2000,1750,1.7,1983570.51,1699103.454,2268405.127,2763641.485,1907181.337,3922984.349
11,Callinectes,IUU_60,0.5,0.957432554,1.482159284,10246.30925,7210.436134,14560.40262,0.444578638,0.316347164,4.004594204,2866.750426,318.258464,4028.789084,0.46,3051.469281,2351.756453,3959.366098,5123.154623,3605.218067,7280.201309,0.595623108,0.478716277,0.741079642,1500,2000,1750,1.7,2689656.179,2210683.979,3205619.915,3738049.869,2469344.276,5543112.537
12,Callinectes,IUU_40_legal,0.5,0.957432554,1.482159284,9050.815475,6403.431596,12792.71271,0.256133377,0.187218532,3.52697284,2612.351454,189.7123767,3573.953881,0.46,2695.437423,2099.333005,3460.805353,4525.407737,3201.715798,6396.356355,0.595623108,0.478716277,0.741079642,1500,2000,1750,1.7,2375839.063,1973402.405,2801970.388,3301910.843,2204299.655,4845127.494
13,Callinectes,IUU_40,0.5,0.957432554,1.482159284,9050.815475,6403.431596,12792.71271,0.426888962,0.312030887,5.878288067,2612.351454,189.7123767,3573.953881,0.46,2695.437423,2099.333005,3460.805353,4525.407737,3201.715798,6396.356355,0.595623108,0.478716277,0.741079642,1500,2000,1750,1.7,2375839.063,1973402.405,2801970.388,3301910.843,2204299.655,4845127.494
14,Callinectes,IUU_60_legal,0.5,0.957432554,1.482159284,10246.30925,7210.436134,14560.40262,0.177831455,0.126538866,1.601837682,2866.750426,318.258464,4028.789084,0.46,3051.469281,2351.756453,3959.366098,5123.154623,3605.218067,7280.201309,0.595623108,0.478716277,0.741079642,1500,2000,1750,1.7,2689656.179,2210683.979,3205619.915,3738049.869,2469344.276,5543112.537
15,Cephalopholis,IUU_60,0.453277844,0.39167906,0.524564177,2426.258773,1607.834656,3661.27923,0.544877607,0.383581372,6.368300243,674.6391987,57.72274829,958.3254519,0.09,274.9423362,163.4289128,462.5453779,1213.129386,803.9173282,1830.639615,0.226638922,0.19583953,0.262282089,1000,1500,1250,1.7,454923.5196,250351.2638,793593.7252,240574.5442,114400.239,485672.6468
16,Cephalopholis,IUU_40,0.453277844,0.39167906,0.524564177,2133.601265,1409.249087,3230.269511,0.55492658,0.38152561,6.763045254,579.619592,47.55939165,843.053021,0.09,241.7785452,142.7916111,409.3858489,1066.800633,704.6245435,1615.134756,0.226638922,0.19583953,0.262282089,1000,1500,1250,1.7,400050.237,218737.6743,702387.3903,211556.2271,99954.12777,429855.1413
17,Cephalopholis,IUU_60_legal,0.453277844,0.39167906,0.524564177,2426.258773,1607.834656,3661.27923,0.217951043,0.153432549,2.547320097,674.6391987,57.72274829,958.3254519,0.09,274.9423362,163.4289128,462.5453779,1213.129386,803.9173282,1830.639615,0.226638922,0.19583953,0.262282089,1000,1500,1250,1.7,454923.5196,250351.2638,793593.7252,240574.5442,114400.239,485672.6468
18,Cephalopholis,IUU_0,0.453277844,0.39167906,0.524564177,1512.737076,1003.945535,2279.380089,0.555490616,0.383675098,6.635210564,413.5936116,34.62548291,598.8070929,0.09,171.42255,102.1914109,287.5553864,756.3685382,501.9727674,1139.690044,0.226638922,0.19583953,0.262282089,1000,1500,1250,1.7,283638.2016,156543.5909,493361.6488,149994.7313,71533.98763,301933.1557
19,Cephalopholis,IUU_20,0.453277844,0.39167906,0.524564177,1829.079691,1204.680202,2777.112555,0.556849493,0.380322602,6.995680959,495.1011851,39.40957937,724.9026029,0.09,207.2703245,121.7308804,352.9177419,914.5398453,602.3401012,1388.556277,0.226638922,0.19583953,0.262282089,1000,1500,1250,1.7,342952.4417,186475.4481,605504.495,181361.5339,85211.61628,370563.629
20,Cephalopholis,IUU_40_legal,0.453277844,0.39167906,0.524564177,2133.601265,1409.249087,3230.269511,0.332955948,0.228915366,4.057827152,579.619592,47.55939165,843.053021,0.09,241.7785452,142.7916111,409.3858489,1066.800633,704.6245435,1615.134756,0.226638922,0.19583953,0.262282089,1000,1500,1250,1.7,400050.237,218737.6743,702387.3903,211556.2271,99954.12777,429855.1413
21,Cephalopholis,IUU_20_legal,0.453277844,0.39167906,0.524564177,1829.079691,1204.680202,2777.112555,0.445479595,0.304258081,5.596544767,495.1011851,39.40957937,724.9026029,0.09,207.2703245,121.7308804,352.9177419,914.5398453,602.3401012,1388.556277,0.226638922,0.19583953,0.262282089,1000,1500,1250,1.7,342952.4417,186475.4481,605504.495,181361.5339,85211.61628,370563.629
22,Dasyatis,IUU_20,0.609570907,0.42284483,0.87875425,1135.749931,699.0311778,1845.308116,0.250589059,0.180575742,0.342972045,475.0488331,347.0896294,659.2360554,0.26,173.080029,136.9111272,218.8039573,567.8749655,349.5155889,922.6540579,0.304785454,0.211422415,0.439377125,1250,1250,1250,1.7,212953.1118,242839.3068,186745.0063,151445.0254,119797.2363,191453.4626
23,Dasyatis,IUU_60_legal,0.609570907,0.42284483,0.87875425,1510.700763,925.0989447,2466.997512,0.100864785,0.072555951,0.13775551,629.4475098,460.8823846,875.0362619,0.26,230.2198086,180.3077768,293.9482769,755.3503814,462.5494724,1233.498756,0.304785454,0.211422415,0.439377125,1250,1250,1250,1.7,283256.3926,319811.957,250879.2506,201442.3325,157769.3047,257204.7423
24,Dasyatis,IUU_40,0.609570907,0.42284483,0.87875425,1323.909335,816.4588358,2146.753579,0.250858647,0.180984524,0.343521343,553.6280362,404.2903962,767.3715805,0.26,201.7541537,160.2153879,254.0626031,661.9546676,408.2294179,1073.376789,0.304785454,0.211422415,0.439377125,1250,1250,1250,1.7,248233.0001,284174.0809,216837.5884,176534.8845,140188.4644,222304.7777
25,Dasyatis,IUU_60,0.609570907,0.42284483,0.87875425,1510.700763,925.0989447,2466.997512,0.252161964,0.181389877,0.344388775,629.4475098,460.8823846,875.0362619,0.26,230.2198086,180.3077768,293.9482769,755.3503814,462.5494724,1233.498756,0.304785454,0.211422415,0.439377125,1250,1250,1250,1.7,283256.3926,319811.957,250879.2506,201442.3325,157769.3047,257204.7423
26,Dasyatis,IUU_40_legal,0.609570907,0.42284483,0.87875425,1323.909335,816.4588358,2146.753579,0.150515188,0.108590714,0.206112806,553.6280362,404.2903962,767.3715805,0.26,201.7541537,160.2153879,254.0626031,661.9546676,408.2294179,1073.376789,0.304785454,0.211422415,0.439377125,1250,1250,1250,1.7,248233.0001,284174.0809,216837.5884,176534.8845,140188.4644,222304.7777
27,Dasyatis,IUU_0,0.609570907,0.42284483,0.87875425,936.6880261,574.6575905,1526.795213,0.259411287,0.184314182,0.345471967,382.4108855,287.1483347,538.2206558,0.26,142.7444425,112.2038309,181.5978626,468.344013,287.3287953,763.3976064,0.304785454,0.211422415,0.439377125,1250,1250,1250,1.7,175629.0047,199015.968,154990.3138,124901.3872,98178.35204,158898.1298
28,Dasyatis,IUU_20_legal,0.609570907,0.42284483,0.87875425,1135.749931,699.0311778,1845.308116,0.200471247,0.144460594,0.274377636,475.0488331,347.0896294,659.2360554,0.26,173.080029,136.9111272,218.8039573,567.8749655,349.5155889,922.6540579,0.304785454,0.211422415,0.439377125,1250,1250,1250,1.7,212953.1118,242839.3068,186745.0063,151445.0254,119797.2363,191453.4626
29,Epinephelus,IUU_40,0.447087927,0.40753641,0.490477928,1083.033991,881.9649294,1329.942479,1.53985296,1.375749275,2.917584158,385.1083704,203.2538675,431.0453037,0.25,121.0528553,97.05214056,150.9888777,541.5169953,440.9824647,664.9712396,0.223543963,0.203768205,0.245238964,2500,2500,2500,1.7,406137.7469,357215.2261,461760.4659,211842.4968,169841.246,264230.536
30,Epinephelus,IUU_60,0.441534111,0.3977228,0.490171475,1262.805811,1019.223016,1564.602144,1.493311099,1.348853933,2.458260311,453.841143,275.6933483,502.4458167,0.25,139.3929603,112.40381,172.8624446,631.4029053,509.6115078,782.301072,0.220767056,0.1988614,0.245085738,2500,2500,2500,1.7,473552.1781,423927.7079,528985.6297,243937.6805,196706.6675,302509.2781
31,Epinephelus,IUU_60_legal,0.441534111,0.3977228,0.490171475,1262.805811,1019.223016,1564.602144,0.59732444,0.539541573,0.983304124,453.841143,275.6933483,502.4458167,0.25,139.3929603,112.40381,172.8624446,631.4029053,509.6115078,782.301072,0.220767056,0.1988614,0.245085738,2500,2500,2500,1.7,473552.1781,423927.7079,528985.6297,243937.6805,196706.6675,302509.2781
32,Epinephelus,IUU_0,0.447087927,0.40753641,0.490477928,773.1202243,627.8160296,952.0541897,1.573857238,1.377924741,2.946033432,269.1341691,143.779346,307.403407,0.25,86.41317952,68.8987422,108.3798827,386.5601122,313.9080148,476.0270948,0.223543963,0.203768205,0.245238964,2500,2500,2500,1.7,289920.0845,253592.3436,331451.8651,151223.0642,120572.7989,189664.7947
33,Epinephelus,IUU_20,0.451017111,0.414549662,0.490692559,917.3897543,755.3320411,1114.217212,1.591294493,1.393845495,2.851292382,319.4220267,178.2681128,364.6706281,0.25,103.4396192,83.36808882,128.3435301,458.6948772,377.6660206,557.1086062,0.225508556,0.207274831,0.24534628,2500,2500,2500,1.7,344021.1572,301657.786,392333.8376,181019.3336,145894.1554,224601.1777
34,Epinephelus,IUU_40_legal,0.447087927,0.40753641,0.490477928,1083.033991,881.9649294,1329.942479,0.923911776,0.825449565,1.750550495,385.1083704,203.2538675,431.0453037,0.25,121.0528553,97.05214056,150.9888777,541.5169953,440.9824647,664.9712396,0.223543963,0.203768205,0.245238964,2500,2500,2500,1.7,406137.7469,357215.2261,461760.4659,211842.4968,169841.246,264230.536
35,Epinephelus,IUU_20_legal,0.451017111,0.414549662,0.490692559,917.3897543,755.3320411,1114.217212,1.273035594,1.115076396,2.281033906,319.4220267,178.2681128,364.6706281,0.25,103.4396192,83.36808882,128.3435301,458.6948772,377.6660206,557.1086062,0.225508556,0.207274831,0.24534628,2500,2500,2500,1.7,344021.1572,301657.786,392333.8376,181019.3336,145894.1554,224601.1777
36,Lutjanus,IUU_60_legal,0.378136514,0.307547725,0.464926942,1523.654452,961.6547539,2414.091833,0.089966302,0.057916896,0.165859012,289.0073386,156.7652023,448.9350018,0.12,144.0373458,87.62296579,236.7730513,761.8272258,480.8273769,1207.045917,0.143450147,0.116671532,0.176375028,2250,2500,2375,1.7,715416.5473,506940.3041,1006830.675,239462.0874,138006.1711,414352.8398
37,Lutjanus,IUU_40_legal,0.378136514,0.307547725,0.464926942,1333.376811,846.7806186,2099.591892,0.132851573,0.086684774,0.248421159,256.8747116,137.372395,393.6817034,0.12,126.0496149,77.61534203,204.7083089,666.6884057,423.3903093,1049.795946,0.145695811,0.118497986,0.17913612,2250,2500,2375,1.7,616423.6981,442120.2219,857064.6259,209557.4848,122244.1637,358239.5406
38,Lutjanus,IUU_0,0.378136514,0.307547725,0.464926942,954.6044883,603.0651159,1511.063574,0.228165889,0.143651071,0.408677909,178.0565897,99.40943486,282.8133463,0.12,90.24270341,54.99898688,148.0708278,477.3022442,301.532558,755.5317868,0.141063024,0.114730026,0.173440009,2250,2500,2375,1.7,455809.9235,323579.7763,640297.0196,150028.4944,86623.40434,259123.9487
39,Lutjanus,IUU_20,0.378136514,0.307547725,0.464926942,1129.713639,713.2197791,1789.424442,0.226445233,0.145973323,0.413104988,215.2914738,118.0129249,333.9769696,0.12,106.7964943,65.00392206,175.4585083,564.8568193,356.6098896,894.7122208,0.144124254,0.117219799,0.177203856,2250,2500,2375,1.7,527964.5866,374319.4218,742612.9668,177549.1718,102381.1772,307052.3895
40,Lutjanus,IUU_40,0.378136514,0.307547725,0.464926942,1333.376811,846.7806186,2099.591892,0.221419289,0.144474624,0.414035265,256.8747116,137.372395,393.6817034,0.12,126.0496149,77.61534203,204.7083089,666.6884057,423.3903093,1049.795946,0.145695811,0.118497986,0.17913612,2250,2500,2375,1.7,616423.6981,442120.2219,857064.6259,209557.4848,122244.1637,358239.5406
41,Lutjanus,IUU_60,0.378136514,0.307547725,0.464926942,1523.654452,961.6547539,2414.091833,0.224915756,0.144792239,0.41464753,289.0073386,156.7652023,448.9350018,0.12,144.0373458,87.62296579,236.7730513,761.8272258,480.8273769,1207.045917,0.143450147,0.116671532,0.176375028,2250,2500,2375,1.7,715416.5473,506940.3041,1006830.675,239462.0874,138006.1711,414352.8398
42,Lutjanus,IUU_20_legal,0.378136514,0.307547725,0.464926942,1129.713639,713.2197791,1789.424442,0.181156187,0.116778658,0.330483991,215.2914738,118.0129249,333.9769696,0.12,106.7964943,65.00392206,175.4585083,564.8568193,356.6098896,894.7122208,0.144124254,0.117219799,0.177203856,2250,2500,2375,1.7,527964.5866,374319.4218,742612.9668,177549.1718,102381.1772,307052.3895
43,Micropogonias,IUU_0,0.565525439,0.407485471,0.784859938,1028.297105,543.2403602,1946.45872,0.325689235,0.227672353,0.617218269,423.0465276,223.2301066,605.1753686,0.7,145.3820429,79.12780044,267.1114105,514.1485525,271.6201801,973.2293599,0.282762719,0.203742736,0.392429969,750,750,750,1.7,115683.4245,87383.50848,153148.5159,76325.57252,41542.09523,140233.4905
44,Micropogonias,IUU_40,0.565525439,0.407485471,0.784859938,1430.402697,760.6753428,2689.783357,0.323916451,0.229392552,0.622699181,595.5065861,309.7713726,840.8920779,0.7,202.2322782,111.5037062,366.7850672,715.2013487,380.3376714,1344.891678,0.282762719,0.203742736,0.392429969,750,750,750,1.7,160920.3036,123137.3171,210296.4774,106171.9461,58539.44576,192562.1603
45,Micropogonias,IUU_40_legal,0.565525439,0.407485471,0.784859938,1430.402697,760.6753428,2689.783357,0.194349871,0.137635531,0.373619509,595.5065861,309.7713726,840.8920779,0.7,202.2322782,111.5037062,366.7850672,715.2013487,380.3376714,1344.891678,0.282762719,0.203742736,0.392429969,750,750,750,1.7,160920.3036,123137.3171,210296.4774,106171.9461,58539.44576,192562.1603
46,Micropogonias,IUU_60_legal,0.565525439,0.407485471,0.784859938,1653.147593,874.4332864,3125.33501,0.129910587,0.090871949,0.247414123,678.7767649,356.4076579,970.379623,0.7,233.7242544,127.5215895,428.3747349,826.5737965,437.2166432,1562.667505,0.282762719,0.203742736,0.392429969,750,750,750,1.7,185979.1044,140826.4079,245608.9569,122705.2336,66948.83449,224896.7358
47,Micropogonias,IUU_20,0.565525439,0.407485471,0.784859938,1249.360535,655.6321697,2380.758326,0.322031482,0.224900315,0.604443866,513.421977,273.5374602,735.1614422,0.7,176.6362912,94.88824488,328.8118502,624.6802675,327.8160848,1190.379163,0.282762719,0.203742736,0.392429969,750,750,750,1.7,140553.0604,104788.3008,188524.5066,92734.05288,49816.32856,172626.2214
48,Micropogonias,IUU_20_legal,0.565525439,0.407485471,0.784859938,1249.360535,655.6321697,2380.758326,0.257625186,0.179920252,0.483555093,513.421977,273.5374602,735.1614422,0.7,176.6362912,94.88824488,328.8118502,624.6802675,327.8160848,1190.379163,0.282762719,0.203742736,0.392429969,750,750,750,1.7,140553.0604,104788.3008,188524.5066,92734.05288,49816.32856,172626.2214
49,Micropogonias,IUU_60,0.565525439,0.407485471,0.784859938,1653.147593,874.4332864,3125.33501,0.324776468,0.227179873,0.618535307,678.7767649,356.4076579,970.379623,0.7,233.7242544,127.5215895,428.3747349,826.5737965,437.2166432,1562.667505,0.282762719,0.203742736,0.392429969,750,750,750,1.7,185979.1044,140826.4079,245608.9569,122705.2336,66948.83449,224896.7358
50,Mugil,IUU_40,0.579117434,0.519799302,0.645204796,4797.346624,3711.020989,6201.671911,0.347193455,0.223781822,0.641489978,915.6382276,495.5706415,1420.596173,0.53,694.5567666,518.9641227,929.5615649,2398.673312,1855.510495,3100.835956,0.221064727,0.198421398,0.246292053,600,1000,750,1.7,706920.8851,470783.6102,1132267.428,364642.3025,217964.9315,650693.0954
51,Mugil,IUU_60_legal,0.579117434,0.519799302,0.645204796,5453.86088,4213.645165,7059.113269,0.137830663,0.090466047,0.255521947,1054.390635,568.7470756,1606.429865,0.53,789.6064794,588.5522362,1059.342492,2726.93044,2106.822582,3529.556634,0.223920636,0.20098478,0.249473871,600,1000,750,1.7,793412.6172,527101.6169,1273891.916,414543.4017,247191.9392,741539.7444
52,Mugil,IUU_60,0.579117434,0.519799302,0.645204796,5453.86088,4213.645165,7059.113269,0.344576657,0.226165118,0.638804867,1054.390635,568.7470756,1606.429865,0.53,789.6064794,588.5522362,1059.342492,2726.93044,2106.822582,3529.556634,0.223920636,0.20098478,0.249473871,600,1000,750,1.7,793412.6172,527101.6169,1273891.916,414543.4017,247191.9392,741539.7444
53,Mugil,IUU_20,0.579117434,0.519799302,0.645204796,4115.236708,3175.400396,5333.240237,0.33408248,0.223348524,0.639286731,815.6333135,426.238786,1220.016119,0.53,595.8013306,442.993472,801.319315,2057.618354,1587.700198,2666.620118,0.229560293,0.206046775,0.255757111,600,1000,750,1.7,583965.5353,386993.8025,939937.8714,312795.6986,186057.2582,560923.5205
54,Mugil,IUU_40_legal,0.579117434,0.519799302,0.645204796,4797.346624,3711.020989,6201.671911,0.208316073,0.134269093,0.384893987,915.6382276,495.5706415,1420.596173,0.53,694.5567666,518.9641227,929.5615649,2398.673312,1855.510495,3100.835956,0.221064727,0.198421398,0.246292053,600,1000,750,1.7,706920.8851,470783.6102,1132267.428,364642.3025,217964.9315,650693.0954
55,Mugil,IUU_0,0.579117434,0.519799302,0.645204796,3402.739774,2623.255019,4413.843826,0.344497952,0.225586252,0.638212418,659.144702,355.7969001,1006.595031,0.53,492.6464816,365.6479319,663.7547614,1701.369887,1311.62751,2206.921913,0.22436167,0.20138064,0.249965234,600,1000,750,1.7,494048.1071,326826.9867,796616.4944,258639.4028,153572.1314,464628.333
56,Mugil,IUU_20_legal,0.579117434,0.519799302,0.645204796,4115.236708,3175.400396,5333.240237,0.267265984,0.17867882,0.511429385,815.6333135,426.238786,1220.016119,0.53,595.8013306,442.993472,801.319315,2057.618354,1587.700198,2666.620118,0.229560293,0.206046775,0.255757111,600,1000,750,1.7,583965.5353,386993.8025,939937.8714,312795.6986,186057.2582,560923.5205
57,Octopus,IUU_0,0.66365025,0.556688189,0.791164,3918.411236,2961.779781,5184.027088,0.430166201,0.312300711,3.541530172,1127.901819,136.9987594,1553.583526,0.11,650.1136492,540.5684168,781.858029,1959.205618,1480.889891,2592.013544,0.331825125,0.278344095,0.395582,5000,6000,5500,1.7,3232689.27,2913130.33,3557655.435,2502937.549,1891989.459,3283803.722
58,Octopus,IUU_60_legal,0.661993197,0.553980938,0.791065111,6283.983756,4814.684426,8201.669797,0.171051562,0.124781607,1.830723449,1815.350591,169.6152162,2488.496188,0.11,1039.988624,874.8707267,1236.26989,3141.991878,2407.342213,4100.834899,0.330996598,0.276990469,0.395532555,5000,6000,5500,1.7,5184286.606,4737730.128,5626049.674,4003956.202,3062047.543,5192333.538
59,Octopus,IUU_40,0.645648526,0.527622085,0.790076897,5676.62852,4197.604067,7676.786767,0.418375413,0.301343178,4.084531655,1623.564186,166.3004216,2254.105571,0.11,916.2767097,753.2370454,1114.606635,2838.31426,2098.802033,3838.393383,0.322824263,0.263811042,0.395038449,5000,6000,5500,1.7,4683218.532,4282821.369,5078725.75,3527665.332,2636329.659,4681347.867
60,Octopus,IUU_40_legal,0.645648526,0.527622085,0.790076897,5676.62852,4197.604067,7676.786767,0.251025248,0.180805907,2.450718993,1623.564186,166.3004216,2254.105571,0.11,916.2767097,753.2370454,1114.606635,2838.31426,2098.802033,3838.393383,0.322824263,0.263811042,0.395038449,5000,6000,5500,1.7,4683218.532,4282821.369,5078725.75,3527665.332,2636329.659,4681347.867
61,Octopus,IUU_20,0.65704682,0.545937925,0.790768517,4762.917687,3609.902814,6284.209318,0.416248356,0.307509371,3.215465405,1398.737749,181.0693678,1893.348118,0.11,782.3649799,653.3672416,936.8314216,2381.458844,1804.951407,3142.104659,0.32852341,0.272968963,0.395384259,5000,6000,5500,1.7,3929407.091,3590338.08,4264956.231,3012105.173,2286785.346,3934691.971
62,Octopus,IUU_20_legal,0.65704682,0.545937925,0.790768517,4762.917687,3609.902814,6284.209318,0.332998684,0.246007496,2.572372324,1398.737749,181.0693678,1893.348118,0.11,782.3649799,653.3672416,936.8314216,2381.458844,1804.951407,3142.104659,0.32852341,0.272968963,0.395384259,5000,6000,5500,1.7,3929407.091,3590338.08,4264956.231,3012105.173,2286785.346,3934691.971
63,Octopus,IUU_60,0.661993197,0.553980938,0.791065111,6283.983756,4814.684426,8201.669797,0.427628904,0.311954018,4.576808623,1815.350591,169.6152162,2488.496188,0.11,1039.988624,874.8707267,1236.26989,3141.991878,2407.342213,4100.834899,0.330996598,0.276990469,0.395532555,5000,6000,5500,1.7,5184286.606,4737730.128,5626049.674,4003956.202,3062047.543,5192333.538
64,Panulirus,IUU_60_legal,0.282239296,0.163449697,0.487361077,464.5223094,210.825228,1023.506427,0.050506241,0.037814751,0.065333656,182.7259335,141.256446,244.0529115,0.06,32.77661241,20.32810133,52.8483356,232.2611547,105.412614,511.7532137,0.141119648,0.081724848,0.243680538,10000,10000,10000,1.7,696783.4644,746214.9577,650626.4641,229436.2869,142296.7093,369938.3492
65,Panulirus,IUU_40,0.282239296,0.163449697,0.487361077,407.8996522,186.0766985,894.1588477,0.124798191,0.094629778,0.162878146,161.7651652,123.9454185,213.3366519,0.06,28.78132768,18.03017651,45.94324535,203.9498261,93.03834923,447.0794238,0.141119648,0.081724848,0.243680538,10000,10000,10000,1.7,611849.4785,661861.4883,565616.5124,201469.2938,126211.2356,321602.7175
66,Panulirus,IUU_40_legal,0.282239296,0.163449697,0.487361077,407.8996522,186.0766985,894.1588477,0.074878915,0.056777867,0.097726888,161.7651652,123.9454185,213.3366519,0.06,28.78132768,18.03017651,45.94324535,203.9498261,93.03834923,447.0794238,0.141119648,0.081724848,0.243680538,10000,10000,10000,1.7,611849.4785,661861.4883,565616.5124,201469.2938,126211.2356,321602.7175
67,Panulirus,IUU_0,0.282239296,0.163449697,0.487361077,288.0680967,130.8031128,634.4132534,0.126703084,0.094777049,0.164356926,113.8093844,87.73588284,152.1465394,0.06,20.32603422,12.61801255,32.7426895,144.0340484,65.40155642,317.2066267,0.141119648,0.081724848,0.243680538,10000,10000,10000,1.7,432102.1454,463188.8413,403101.8205,142282.2395,88326.08785,229198.8265
68,Panulirus,IUU_20_legal,0.282239296,0.163449697,0.487361077,347.4078225,157.9477293,764.1274469,0.101014518,0.076367248,0.131019593,137.0416873,105.6574796,181.2714258,0.06,24.51303483,15.25510161,39.38937226,173.7039113,78.97386466,382.0637235,0.141119648,0.081724848,0.243680538,10000,10000,10000,1.7,521111.7341,559992.5353,484930.4657,171591.2438,106785.7113,275725.6058
69,Panulirus,IUU_60,0.282239296,0.163449697,0.487361077,464.5223094,210.825228,1023.506427,0.126265602,0.094536877,0.163334139,182.7259335,141.256446,244.0529115,0.06,32.77661241,20.32810133,52.8483356,232.2611547,105.412614,511.7532137,0.141119648,0.081724848,0.243680538,10000,10000,10000,1.7,696783.4644,746214.9577,650626.4641,229436.2869,142296.7093,369938.3492
70,Panulirus,IUU_20,0.282239296,0.163449697,0.487361077,347.4078225,157.9477293,764.1274469,0.126268148,0.095459061,0.163774491,137.0416873,105.6574796,181.2714258,0.06,24.51303483,15.25510161,39.38937226,173.7039113,78.97386466,382.0637235,0.141119648,0.081724848,0.243680538,10000,10000,10000,1.7,521111.7341,559992.5353,484930.4657,171591.2438,106785.7113,275725.6058
71,Scomberomorus,IUU_60_legal,0.565525439,0.407485471,0.784859938,47164.17941,22966.70827,96855.83989,0.146393799,0.080734762,1.860121478,10194.67004,802.3328033,18485.67396,0.7,6668.135813,3093.601378,14372.90387,23582.08971,11483.35414,48427.91995,0.246399211,0.17754126,0.341963166,1000,1250,1125,1.7,9133535.078,5227406.933,15761460.55,5251156.953,2165520.965,12576290.89
72,Scomberomorus,IUU_40_legal,0.565525439,0.407485471,0.784859938,42808.3362,20788.07258,88154.09131,0.205192208,0.117807349,2.834618027,9546.282977,691.0359214,16627.34028,0.7,6052.300777,2792.719074,13116.37287,21404.1681,10394.03629,44077.04566,0.255549892,0.18413472,0.354662866,1000,1250,1125,1.7,7993161.321,4550014.914,13868493.99,4766186.862,1954903.352,11476826.26
73,Scomberomorus,IUU_20_legal,0.565525439,0.407485471,0.784859938,35905.86113,17517.22115,73597.9099,0.277382684,0.155163059,3.819749033,8070.636167,586.0737711,14427.75572,0.7,5076.419467,2363.805126,10901.92855,17952.93057,8758.610573,36798.95495,0.24900172,0.17941648,0.345575037,1000,1250,1125,1.7,6880641.508,3952488.299,11830204.06,3997680.33,1654663.588,9539187.481
74,Scomberomorus,IUU_0,0.565525439,0.407485471,0.784859938,29056.19433,14296.49086,59053.82219,0.367463565,0.199721856,5.019705204,6346.022352,464.5555675,11675.89791,0.7,4108.004262,1944.997859,8676.461483,14528.09717,7148.245429,29526.91109,0.241785709,0.174217032,0.335560354,1000,1250,1125,1.7,5734215.823,3349267.009,9696238.001,3235053.356,1361498.501,7591903.798
75,Scomberomorus,IUU_20,0.565525439,0.407485471,0.784859938,35905.86113,17517.22115,73597.9099,0.346728355,0.193953824,4.774686291,8070.636167,586.0737711,14427.75572,0.7,5076.419467,2363.805126,10901.92855,17952.93057,8758.610573,36798.95495,0.24900172,0.17941648,0.345575037,1000,1250,1125,1.7,6880641.508,3952488.299,11830204.06,3997680.33,1654663.588,9539187.481
76,Scomberomorus,IUU_40,0.565525439,0.407485471,0.784859938,42808.3362,20788.07258,88154.09131,0.341987013,0.196345582,4.724363378,9546.282977,691.0359214,16627.34028,0.7,6052.300777,2792.719074,13116.37287,21404.1681,10394.03629,44077.04566,0.255549892,0.18413472,0.354662866,1000,1250,1125,1.7,7993161.321,4550014.914,13868493.99,4766186.862,1954903.352,11476826.26
77,Scomberomorus,IUU_60,0.565525439,0.407485471,0.784859938,47164.17941,22966.70827,96855.83989,0.365984498,0.201836904,4.650303695,10194.67004,802.3328033,18485.67396,0.7,6668.135813,3093.601378,14372.90387,23582.08971,11483.35414,48427.91995,0.246399211,0.17754126,0.341963166,1000,1250,1125,1.7,9133535.078,5227406.933,15761460.55,5251156.953,2165520.965,12576290.89
78,Squatina,IUU_0,0.062038507,0.039696193,0.096955807,4186.823809,1384.761102,12658.8576,0.028614173,0.017046827,0.238717847,491.9625009,58.96961695,825.7900322,0.7,64.93607494,17.81374542,236.7101207,2093.411905,692.3805512,6329.428801,0.014579366,0.009328808,0.02278511,1250,1250,1250,1.7,1670239.166,716078.0383,3895802.797,56819.06557,15587.02724,207121.3556
79,Squatina,IUU_20,0.062038507,0.039696193,0.096955807,4983.476088,1657.681599,14981.78778,0.029006826,0.017184071,0.245361293,582.3636215,68.84753406,983.0336359,0.7,77.2918545,21.4417845,278.6163051,2491.738044,828.8407995,7490.893888,0.014499506,0.009277708,0.022660301,1250,1250,1250,1.7,1998995.375,866665.4725,4610755.806,67630.37269,18761.56144,243789.267
80,Squatina,IUU_40,0.062038507,0.039696193,0.096955807,5852.240233,1955.284934,17515.9718,0.028756286,0.017047996,0.240831415,685.3437236,81.83292851,1156.026782,0.7,90.76606222,25.39874558,324.365549,2926.120117,977.6424668,8757.985898,0.014530402,0.009297478,0.022708587,1250,1250,1250,1.7,2342486.693,1024420.772,5356435.47,79420.30444,22223.90238,283819.8554
81,Squatina,IUU_60,0.062038507,0.039696193,0.096955807,6667.075052,2202.734121,20179.41672,0.02880735,0.017102811,0.240083762,781.8615793,93.81459109,1316.939085,0.7,103.4038462,28.30724258,377.7250778,3333.537526,1101.36706,10089.70836,0.014550766,0.009310508,0.022740413,1250,1250,1250,1.7,2664907.286,1140132.844,6228862.43,90478.36543,24768.83726,330509.4431
82,Squatina,IUU_60_legal,0.062038507,0.039696193,0.096955807,6667.075052,2202.734121,20179.41672,0.01152294,0.006841124,0.096033505,781.8615793,93.81459109,1316.939085,0.7,103.4038462,28.30724258,377.7250778,3333.537526,1101.36706,10089.70836,0.014550766,0.009310508,0.022740413,1250,1250,1250,1.7,2664907.286,1140132.844,6228862.43,90478.36543,24768.83726,330509.4431
83,Squatina,IUU_40_legal,0.062038507,0.039696193,0.096955807,5852.240233,1955.284934,17515.9718,0.017253772,0.010228798,0.144498849,685.3437236,81.83292851,1156.026782,0.7,90.76606222,25.39874558,324.365549,2926.120117,977.6424668,8757.985898,0.014530402,0.009297478,0.022708587,1250,1250,1250,1.7,2342486.693,1024420.772,5356435.47,79420.30444,22223.90238,283819.8554
84,Squatina,IUU_20_legal,0.062038507,0.039696193,0.096955807,4983.476088,1657.681599,14981.78778,0.023205461,0.013747257,0.196289034,582.3636215,68.84753406,983.0336359,0.7,77.2918545,21.4417845,278.6163051,2491.738044,828.8407995,7490.893888,0.014499506,0.009277708,0.022660301,1250,1250,1250,1.7,1998995.375,866665.4725,4610755.806,67630.37269,18761.56144,243789.267
